{"cameraMode":{"drawMode":0,"name":"Shaded","section":"Shading Mode"},"sceneLighting":false,"audioPlay":false,"sceneViewState":{"showFog":true,"showMaterialUpdate":false,"showSkybox":true,"showFlares":true,"showImageEffects":true,"showParticleSystems":true},"in2DMode":false,"pivot":{"x":0.0,"y":0.6050000190734863,"z":1.862645149230957e-9},"rotation":{"x":0.046125009655952457,"y":-0.9532502889633179,"z":0.19273707270622254,"w":0.22812795639038087},"size":0.09621068090200424,"orthographic":false}